{
  "accuracy": 0.9429147078576225,
  "top3_accuracy": 0.9879113498992612,
  "macro_precision": 0.9466925594248162,
  "macro_recall": 0.9466626573028623,
  "macro_f1": 0.9463638888179896,
  "test_samples": 1489
}